,Feature_O,Feature_S
43448,; M001 L001 A001 H001,K30U M77D C08C C00N E00G 120T 1306 1351 1406 210B 230A 300S 400L 425C 430Y 4353 440B 445A 710G A026 A03C A207 A35B A50C B00L C06C C30B D00D D10A D15A E10F F00A F05C F10L G00M G10K H00D H05D H10F H12A H15B H30H J00B J10J J13X J14A J16E J17P K05A K12A K15J K20E K21G K31B K39X K40B K41X K42C K43X K44X K80F K81E K82W K83B L00A L05X L10C L13B L15B L20B M00D M05P M08X M09A M10D M14X M15A M17A M18A M29X M36X M38F M39G M40A M45W M47W M48A M53E M55D M57C M59X M62M M63E M65S M66A M67C M69A M71X M76B M78A M79A M80A M81A M85A M86A M87A M90E M91C N008 N05S N15A N17X N18B N19C N20D N2AB N50L N51M N52A N53B N54X N58X Q00D Q01F Q11B Q20D Q21W Q22B R00S R05A R06A R40X S00S S02A S03R S04F S06X S07A S09B S10H S15P S20H S25V S28X S29X S32M S36F S41R S44A S45W S54B S60R S67B S69A S72X S73A S74A S80C T01D T02F T11B T12C T13F U00D U03X U104 U32C Z10C Z12A Z14X Z15X Z16G Z20Z C15X Z05A K60W A60X R10B T05A H13A Z06X Z07X M73A
43449,; M001 L001 A001 H001,K30U M77D C08D C00G E00G 120T 1306 1351 1406 210B 230A 300S 400L 425C 430Y 4353 440B 445A 710G A026 A03C A207 A35B A50C B00L C06C C30B D00D D10A D15A E10F F00A F05C F10L G00M G10K H00D H05D H10F H12A H15B H30H J00B J10J J13X J14A J16E J17P K05A K12A K15J K20E K21G K31B K39X K40B K41X K42C K43X K44X K80F K81E K82W K83B L00A L05X L10C L13B L15B L20B M00D M05P M08X M09A M10D M14X M15A M17A M18A M29X M36X M38F M39G M40A M45W M47W M48A M53E M55D M57C M59X M62M M63E M65S M66A M67C M69A M71X M76B M78A M79A M80A M81A M85A M86A M87A M90E M91C N008 N05S N15A N17X N18B N19C N20D N2AB N50L N51M N52A N53B N54X N58X Q00D Q01F Q11B Q20D Q21W Q22B R00S R05A R06A R40X S00S S02A S03R S04F S06X S07A S09B S10H S15P S20H S25V S28X S29X S32M S36F S41R S44A S45W S54B S60R S67B S69A S72X S73A S74A S80C T01D T02F T11B T12C T13F U00D U03X U104 U32C Z10C Z12A Z14X Z15X Z16G Z20Z C15X Z05A K60W A60X R10B T05A H13A Z06X Z07X M73A
43450,; M001 L001 A001 H001,K30U M77D C08C C00F E00G 120T 1306 1351 1406 210B 230A 300S 400L 425C 430Y 4353 440B 445A 710G A026 A03C A207 A35B A50C B00L C06C C30B D00D D10A D15A E10F F00A F05C F10L G00M G10K H00D H05D H10F H12A H15B H30H J00B J10J J13X J14A J16E J17P K05A K12A K15J K20E K21G K31B K39X K40B K41X K42C K43X K44X K80F K81E K82W K83B L00A L05X L10C L13B L15B L20B M00D M05P M08X M09A M10D M14X M15A M17A M18A M29X M36X M38F M39G M40A M45W M47W M48A M53E M55D M57C M59X M62M M63E M65S M66A M67C M69A M71X M76B M78A M79A M80A M81A M85A M86A M87A M90E M91C N008 N05S N15A N17X N18B N19C N20D N2AB N50L N51M N52A N53B N54X N58X Q00D Q01F Q11B Q20D Q21W Q22B R00S R05A R06A R40X S00S S02A S03R S04F S06X S07A S09B S10H S15P S20H S25V S28X S29X S32M S36F S41R S44A S45W S54B S60R S67B S69A S72X S73A S74A S80C T01D T02F T11B T12C T13F U00D U03X U104 U32C Z10C Z12A Z14X Z15X Z16G Z20Z C15X Z05A K60W A60X R10B T05A H13A Z06X Z07X M73A
43451,; M001 L001 A001 H001,K30U M77D C08D C00E E00G 120T 1306 1351 1406 210B 230A 300S 400L 425C 430Y 4353 440B 445A 710G A026 A03C A207 A35B A50C B00L C06C C30B D00D D10A D15A E10F F00A F05C F10L G00M G10K H00D H05D H10F H12A H15B H30H J00B J10J J13X J14A J16E J17P K05A K12A K15J K20E K21G K31B K39X K40B K41X K42C K43X K44X K80F K81E K82W K83B L00A L05X L10C L13B L15B L20B M00D M05P M08X M09A M10D M14X M15A M17A M18A M29X M36X M38F M39G M40A M45W M47W M48A M53E M55D M57C M59X M62M M63E M65S M66A M67C M69A M71X M76B M78A M79A M80A M81A M85A M86A M87A M90E M91C N008 N05S N15A N17X N18B N19C N20D N2AB N50L N51M N52A N53B N54X N58X Q00D Q01F Q11B Q20D Q21W Q22B R00S R05A R06A R40X S00S S02A S03R S04F S06X S07A S09B S10H S15P S20H S25V S28X S29X S32M S36F S41R S44A S45W S54B S60R S67B S69A S72X S73A S74A S80C T01D T02F T11B T12C T13F U00D U03X U104 U32C Z10C Z12A Z14X Z15X Z16G Z20Z C15X Z05A K60W A60X R10B T05A H13A Z06X Z07X M73A
43452,; M001 L001 A001 H001,K30U M77D C08C C00N E00E 120T 1306 1351 1406 210B 230A 300S 400L 425C 430Y 4353 440B 445A 710G A026 A03C A207 A35B A50C B00L C06C C30B D00D D10A D15A E10F F00A F05C F10L G00M G10K H00D H05D H10F H12A H15B H30H J00B J10J J13X J14A J16E J17P K05A K12A K15J K20E K21G K31B K39X K40B K41X K42C K43X K44X K80F K81E K82W K83B L00A L05X L10C L13B L15B L20B M00D M05P M08X M09A M10D M14X M15A M17A M18A M29X M36X M38F M39G M40A M45W M47W M48A M53E M55D M57C M59X M62M M63E M65S M66A M67C M69A M71X M76B M78A M79A M80A M81A M85A M86A M87A M90E M91C N008 N05S N15A N17X N18B N19C N20D N2AB N50L N51M N52A N53B N54X N58X Q00D Q01F Q11B Q20D Q21W Q22B R00S R05A R06A R40X S00S S02A S03R S04F S06X S07A S09B S10H S15P S20H S25V S28X S29X S32M S36F S41R S44A S45W S54B S60R S67B S69A S72X S73A S74A S80C T01D T02F T11B T12C T13F U00D U03X U104 U32C Z10C Z12A Z14X Z15X Z16G Z20Z C15X Z05A K60W A60X R10B T05A H13A Z06X Z07X M73A
43453,; M001 L001 A001 H001,K30U M77D C08D C00G E00E 120T 1306 1351 1406 210B 230A 300S 400L 425C 430Y 4353 440B 445A 710G A026 A03C A207 A35B A50C B00L C06C C30B D00D D10A D15A E10F F00A F05C F10L G00M G10K H00D H05D H10F H12A H15B H30H J00B J10J J13X J14A J16E J17P K05A K12A K15J K20E K21G K31B K39X K40B K41X K42C K43X K44X K80F K81E K82W K83B L00A L05X L10C L13B L15B L20B M00D M05P M08X M09A M10D M14X M15A M17A M18A M29X M36X M38F M39G M40A M45W M47W M48A M53E M55D M57C M59X M62M M63E M65S M66A M67C M69A M71X M76B M78A M79A M80A M81A M85A M86A M87A M90E M91C N008 N05S N15A N17X N18B N19C N20D N2AB N50L N51M N52A N53B N54X N58X Q00D Q01F Q11B Q20D Q21W Q22B R00S R05A R06A R40X S00S S02A S03R S04F S06X S07A S09B S10H S15P S20H S25V S28X S29X S32M S36F S41R S44A S45W S54B S60R S67B S69A S72X S73A S74A S80C T01D T02F T11B T12C T13F U00D U03X U104 U32C Z10C Z12A Z14X Z15X Z16G Z20Z C15X Z05A K60W A60X R10B T05A H13A Z06X Z07X M73A
43454,; M001 L001 A001 H001,K30U M77D C08C C00F E00E 120T 1306 1351 1406 210B 230A 300S 400L 425C 430Y 4353 440B 445A 710G A026 A03C A207 A35B A50C B00L C06C C30B D00D D10A D15A E10F F00A F05C F10L G00M G10K H00D H05D H10F H12A H15B H30H J00B J10J J13X J14A J16E J17P K05A K12A K15J K20E K21G K31B K39X K40B K41X K42C K43X K44X K80F K81E K82W K83B L00A L05X L10C L13B L15B L20B M00D M05P M08X M09A M10D M14X M15A M17A M18A M29X M36X M38F M39G M40A M45W M47W M48A M53E M55D M57C M59X M62M M63E M65S M66A M67C M69A M71X M76B M78A M79A M80A M81A M85A M86A M87A M90E M91C N008 N05S N15A N17X N18B N19C N20D N2AB N50L N51M N52A N53B N54X N58X Q00D Q01F Q11B Q20D Q21W Q22B R00S R05A R06A R40X S00S S02A S03R S04F S06X S07A S09B S10H S15P S20H S25V S28X S29X S32M S36F S41R S44A S45W S54B S60R S67B S69A S72X S73A S74A S80C T01D T02F T11B T12C T13F U00D U03X U104 U32C Z10C Z12A Z14X Z15X Z16G Z20Z C15X Z05A K60W A60X R10B T05A H13A Z06X Z07X M73A
43455,; M001 L001 A001 H001,K30U M77D C08D C00E E00E 120T 1306 1351 1406 210B 230A 300S 400L 425C 430Y 4353 440B 445A 710G A026 A03C A207 A35B A50C B00L C06C C30B D00D D10A D15A E10F F00A F05C F10L G00M G10K H00D H05D H10F H12A H15B H30H J00B J10J J13X J14A J16E J17P K05A K12A K15J K20E K21G K31B K39X K40B K41X K42C K43X K44X K80F K81E K82W K83B L00A L05X L10C L13B L15B L20B M00D M05P M08X M09A M10D M14X M15A M17A M18A M29X M36X M38F M39G M40A M45W M47W M48A M53E M55D M57C M59X M62M M63E M65S M66A M67C M69A M71X M76B M78A M79A M80A M81A M85A M86A M87A M90E M91C N008 N05S N15A N17X N18B N19C N20D N2AB N50L N51M N52A N53B N54X N58X Q00D Q01F Q11B Q20D Q21W Q22B R00S R05A R06A R40X S00S S02A S03R S04F S06X S07A S09B S10H S15P S20H S25V S28X S29X S32M S36F S41R S44A S45W S54B S60R S67B S69A S72X S73A S74A S80C T01D T02F T11B T12C T13F U00D U03X U104 U32C Z10C Z12A Z14X Z15X Z16G Z20Z C15X Z05A K60W A60X R10B T05A H13A Z06X Z07X M73A
43456,; M001 L001 A001 H001,K301 M77C C08C C00N E00C 120T 1306 1351 1406 210B 230A 300S 400L 425C 430Y 4353 440B 445A 710G A026 A03C A207 A35B A50C B00L C06C C30B D00D D10A D15A E10F F00A F05C F10L G00M G10K H00D H05D H10F H12A H15B H30H J00B J10J J13X J14A J16E J17P K05A K12A K15J K20E K21G K31B K39X K40B K41X K42C K43X K44X K80F K81E K82W K83B L00A L05X L10C L13B L15B L20B M00D M05P M08X M09A M10D M14X M15A M17A M18A M29X M36X M38F M39G M40A M45W M47W M48A M53E M55D M57C M59X M62M M63E M65S M66A M67C M69A M71X M76B M78A M79A M80A M81A M85A M86A M87A M90E M91C N008 N05S N15A N17X N18B N19C N20D N2AB N50L N51M N52A N53B N54X N58X Q00D Q01F Q11B Q20D Q21W Q22B R00S R05A R06A R40X S00S S02A S03R S04F S06X S07A S09B S10H S15P S20H S25V S28X S29X S32M S36F S41R S44A S45W S54B S60R S67B S69A S72X S73A S74A S80C T01D T02F T11B T12C T13F U00D U03X U104 U32C Z10C Z12A Z14X Z15X Z16G Z20Z C15X Z05A K60W A60X R10B T05A H13A Z06X Z07X M73A
43457,; M001 L001 A001 H001,K301 M77C C08D C00G E00C 120T 1306 1351 1406 210B 230A 300S 400L 425C 430Y 4353 440B 445A 710G A026 A03C A207 A35B A50C B00L C06C C30B D00D D10A D15A E10F F00A F05C F10L G00M G10K H00D H05D H10F H12A H15B H30H J00B J10J J13X J14A J16E J17P K05A K12A K15J K20E K21G K31B K39X K40B K41X K42C K43X K44X K80F K81E K82W K83B L00A L05X L10C L13B L15B L20B M00D M05P M08X M09A M10D M14X M15A M17A M18A M29X M36X M38F M39G M40A M45W M47W M48A M53E M55D M57C M59X M62M M63E M65S M66A M67C M69A M71X M76B M78A M79A M80A M81A M85A M86A M87A M90E M91C N008 N05S N15A N17X N18B N19C N20D N2AB N50L N51M N52A N53B N54X N58X Q00D Q01F Q11B Q20D Q21W Q22B R00S R05A R06A R40X S00S S02A S03R S04F S06X S07A S09B S10H S15P S20H S25V S28X S29X S32M S36F S41R S44A S45W S54B S60R S67B S69A S72X S73A S74A S80C T01D T02F T11B T12C T13F U00D U03X U104 U32C Z10C Z12A Z14X Z15X Z16G Z20Z C15X Z05A K60W A60X R10B T05A H13A Z06X Z07X M73A
43458,; M001 L001 A001 H001,K301 M77C C08C C00F E00C 120T 1306 1351 1406 210B 230A 300S 400L 425C 430Y 4353 440B 445A 710G A026 A03C A207 A35B A50C B00L C06C C30B D00D D10A D15A E10F F00A F05C F10L G00M G10K H00D H05D H10F H12A H15B H30H J00B J10J J13X J14A J16E J17P K05A K12A K15J K20E K21G K31B K39X K40B K41X K42C K43X K44X K80F K81E K82W K83B L00A L05X L10C L13B L15B L20B M00D M05P M08X M09A M10D M14X M15A M17A M18A M29X M36X M38F M39G M40A M45W M47W M48A M53E M55D M57C M59X M62M M63E M65S M66A M67C M69A M71X M76B M78A M79A M80A M81A M85A M86A M87A M90E M91C N008 N05S N15A N17X N18B N19C N20D N2AB N50L N51M N52A N53B N54X N58X Q00D Q01F Q11B Q20D Q21W Q22B R00S R05A R06A R40X S00S S02A S03R S04F S06X S07A S09B S10H S15P S20H S25V S28X S29X S32M S36F S41R S44A S45W S54B S60R S67B S69A S72X S73A S74A S80C T01D T02F T11B T12C T13F U00D U03X U104 U32C Z10C Z12A Z14X Z15X Z16G Z20Z C15X Z05A K60W A60X R10B T05A H13A Z06X Z07X M73A
43459,; M001 L001 A001 H001,K301 M77C C08D C00E E00C 120T 1306 1351 1406 210B 230A 300S 400L 425C 430Y 4353 440B 445A 710G A026 A03C A207 A35B A50C B00L C06C C30B D00D D10A D15A E10F F00A F05C F10L G00M G10K H00D H05D H10F H12A H15B H30H J00B J10J J13X J14A J16E J17P K05A K12A K15J K20E K21G K31B K39X K40B K41X K42C K43X K44X K80F K81E K82W K83B L00A L05X L10C L13B L15B L20B M00D M05P M08X M09A M10D M14X M15A M17A M18A M29X M36X M38F M39G M40A M45W M47W M48A M53E M55D M57C M59X M62M M63E M65S M66A M67C M69A M71X M76B M78A M79A M80A M81A M85A M86A M87A M90E M91C N008 N05S N15A N17X N18B N19C N20D N2AB N50L N51M N52A N53B N54X N58X Q00D Q01F Q11B Q20D Q21W Q22B R00S R05A R06A R40X S00S S02A S03R S04F S06X S07A S09B S10H S15P S20H S25V S28X S29X S32M S36F S41R S44A S45W S54B S60R S67B S69A S72X S73A S74A S80C T01D T02F T11B T12C T13F U00D U03X U104 U32C Z10C Z12A Z14X Z15X Z16G Z20Z C15X Z05A K60W A60X R10B T05A H13A Z06X Z07X M73A
